-- phpMyAdmin SQL Dump
-- version 5.2.1
-- https://www.phpmyadmin.net/
--
-- Host: 127.0.0.1
-- Waktu pembuatan: 25 Bulan Mei 2025 pada 04.13
-- Versi server: 10.4.32-MariaDB
-- Versi PHP: 8.2.12

SET SQL_MODE = "NO_AUTO_VALUE_ON_ZERO";
START TRANSACTION;
SET time_zone = "+00:00";


/*!40101 SET @OLD_CHARACTER_SET_CLIENT=@@CHARACTER_SET_CLIENT */;
/*!40101 SET @OLD_CHARACTER_SET_RESULTS=@@CHARACTER_SET_RESULTS */;
/*!40101 SET @OLD_COLLATION_CONNECTION=@@COLLATION_CONNECTION */;
/*!40101 SET NAMES utf8mb4 */;

--
-- Database: `rental_mobil_laravel`
--

-- --------------------------------------------------------

--
-- Struktur dari tabel `armada`
--

CREATE TABLE `armada` (
  `id` int(11) NOT NULL,
  `merk` varchar(30) DEFAULT NULL,
  `nopol` varchar(20) DEFAULT NULL,
  `thn_beli` int(11) DEFAULT NULL,
  `deskripsi` varchar(200) DEFAULT NULL,
  `jenis_kendaraan_id` int(11) DEFAULT NULL,
  `kapasitas_kursi` int(11) DEFAULT NULL,
  `rating` int(11) DEFAULT NULL,
  `harga` double DEFAULT NULL,
  `gambar` longtext DEFAULT NULL
) ENGINE=InnoDB DEFAULT CHARSET=utf8mb4 COLLATE=utf8mb4_general_ci;

--
-- Dumping data untuk tabel `armada`
--

INSERT INTO `armada` (`id`, `merk`, `nopol`, `thn_beli`, `deskripsi`, `jenis_kendaraan_id`, `kapasitas_kursi`, `rating`, `harga`, `gambar`) VALUES
(1, 'Tesla Model S', 'B 1234 EV', 2023, 'Electric • Auto • Range 300 mi', 1, 5, 5, 5000000, '1746248459_tesla.png'),
(2, 'Toyota Prius', 'B 5678 HB', 2022, 'Hybrid • Auto • MPG 54', 2, 5, 5, 1200000, '1746248473_toyota.png'),
(3, 'Porsche 911', 'B 911 SP', 2023, 'Gas • Manual • 0-60 in 3.2s', 3, 2, 5, 2000000, '1746248719_prosche.png'),
(4, 'Mercedes-Benz GLC', 'B 4321 MB', 2022, 'Gas • Auto • Luxury SUV', 4, 5, 4, 3000000, '1746248732_mercedes.png'),
(5, 'BMW i4', 'B 8765 BM', 2023, 'Electric • Auto • Range 270 mi', 1, 5, 4, 4000000, '1746248742_bmw.png'),
(6, 'Honda Civic', 'B 2468 HC', 2021, 'Gas • Auto • MPG 36', 2, 5, 4, 1000000, '1746248759_civic.png');

-- --------------------------------------------------------

--
-- Struktur dari tabel `cache`
--

CREATE TABLE `cache` (
  `key` varchar(255) NOT NULL,
  `value` mediumtext NOT NULL,
  `expiration` int(11) NOT NULL
) ENGINE=InnoDB DEFAULT CHARSET=utf8mb4 COLLATE=utf8mb4_unicode_ci;

-- --------------------------------------------------------

--
-- Struktur dari tabel `cache_locks`
--

CREATE TABLE `cache_locks` (
  `key` varchar(255) NOT NULL,
  `owner` varchar(255) NOT NULL,
  `expiration` int(11) NOT NULL
) ENGINE=InnoDB DEFAULT CHARSET=utf8mb4 COLLATE=utf8mb4_unicode_ci;

-- --------------------------------------------------------

--
-- Struktur dari tabel `failed_jobs`
--

CREATE TABLE `failed_jobs` (
  `id` bigint(20) UNSIGNED NOT NULL,
  `uuid` varchar(255) NOT NULL,
  `connection` text NOT NULL,
  `queue` text NOT NULL,
  `payload` longtext NOT NULL,
  `exception` longtext NOT NULL,
  `failed_at` timestamp NOT NULL DEFAULT current_timestamp()
) ENGINE=InnoDB DEFAULT CHARSET=utf8mb4 COLLATE=utf8mb4_unicode_ci;

-- --------------------------------------------------------

--
-- Struktur dari tabel `jenis_kendaraan`
--

CREATE TABLE `jenis_kendaraan` (
  `id` int(11) NOT NULL,
  `nama` varchar(20) DEFAULT NULL
) ENGINE=InnoDB DEFAULT CHARSET=utf8mb4 COLLATE=utf8mb4_general_ci;

--
-- Dumping data untuk tabel `jenis_kendaraan`
--

INSERT INTO `jenis_kendaraan` (`id`, `nama`) VALUES
(1, 'Premium'),
(2, 'Eco'),
(3, 'Sport'),
(4, 'SUV'),
(7, 'test updated');

-- --------------------------------------------------------

--
-- Struktur dari tabel `jobs`
--

CREATE TABLE `jobs` (
  `id` bigint(20) UNSIGNED NOT NULL,
  `queue` varchar(255) NOT NULL,
  `payload` longtext NOT NULL,
  `attempts` tinyint(3) UNSIGNED NOT NULL,
  `reserved_at` int(10) UNSIGNED DEFAULT NULL,
  `available_at` int(10) UNSIGNED NOT NULL,
  `created_at` int(10) UNSIGNED NOT NULL
) ENGINE=InnoDB DEFAULT CHARSET=utf8mb4 COLLATE=utf8mb4_unicode_ci;

-- --------------------------------------------------------

--
-- Struktur dari tabel `job_batches`
--

CREATE TABLE `job_batches` (
  `id` varchar(255) NOT NULL,
  `name` varchar(255) NOT NULL,
  `total_jobs` int(11) NOT NULL,
  `pending_jobs` int(11) NOT NULL,
  `failed_jobs` int(11) NOT NULL,
  `failed_job_ids` longtext NOT NULL,
  `options` mediumtext DEFAULT NULL,
  `cancelled_at` int(11) DEFAULT NULL,
  `created_at` int(11) NOT NULL,
  `finished_at` int(11) DEFAULT NULL
) ENGINE=InnoDB DEFAULT CHARSET=utf8mb4 COLLATE=utf8mb4_unicode_ci;

-- --------------------------------------------------------

--
-- Struktur dari tabel `lokasi`
--

CREATE TABLE `lokasi` (
  `id` int(11) NOT NULL,
  `nama` varchar(255) DEFAULT NULL,
  `alamat` text DEFAULT NULL,
  `koordinat` varchar(255) DEFAULT NULL,
  `image` text DEFAULT NULL
) ENGINE=InnoDB DEFAULT CHARSET=utf8mb4 COLLATE=utf8mb4_general_ci;

--
-- Dumping data untuk tabel `lokasi`
--

INSERT INTO `lokasi` (`id`, `nama`, `alamat`, `koordinat`, `image`) VALUES
(1, 'Jakarta Pusat, Kemayoran updated', NULL, NULL, NULL),
(2, 'Depok, Cimanggis', NULL, NULL, NULL),
(3, 'Bogor, Cibanteng', NULL, NULL, NULL),
(4, 'Bekasi, Tambun', NULL, NULL, NULL),
(6, 'test updated', NULL, NULL, NULL);

-- --------------------------------------------------------

--
-- Struktur dari tabel `migrations`
--

CREATE TABLE `migrations` (
  `id` int(10) UNSIGNED NOT NULL,
  `migration` varchar(255) NOT NULL,
  `batch` int(11) NOT NULL
) ENGINE=InnoDB DEFAULT CHARSET=utf8mb4 COLLATE=utf8mb4_unicode_ci;

--
-- Dumping data untuk tabel `migrations`
--

INSERT INTO `migrations` (`id`, `migration`, `batch`) VALUES
(1, '0001_01_01_000000_create_users_table', 1),
(2, '0001_01_01_000001_create_cache_table', 1),
(3, '0001_01_01_000002_create_jobs_table', 1);

-- --------------------------------------------------------

--
-- Struktur dari tabel `password_reset_tokens`
--

CREATE TABLE `password_reset_tokens` (
  `email` varchar(255) NOT NULL,
  `token` varchar(255) NOT NULL,
  `created_at` timestamp NULL DEFAULT NULL
) ENGINE=InnoDB DEFAULT CHARSET=utf8mb4 COLLATE=utf8mb4_unicode_ci;

--
-- Dumping data untuk tabel `password_reset_tokens`
--

INSERT INTO `password_reset_tokens` (`email`, `token`, `created_at`) VALUES
('raffayudapratama20@gmail.com', '$2y$12$5RYkU0Knp7negoGKwni45.HHE5Emi2rdJMOxHxWsVcFKu35wcyZku', '2025-05-23 04:56:20');

-- --------------------------------------------------------

--
-- Struktur dari tabel `pembayaran`
--

CREATE TABLE `pembayaran` (
  `id` int(11) NOT NULL,
  `tanggal` date DEFAULT NULL,
  `jumlah_bayar` double DEFAULT NULL,
  `peminjaman_id` int(11) NOT NULL,
  `status_pembayaran` varchar(20) DEFAULT NULL,
  `metode_pembayaran` varchar(50) DEFAULT NULL,
  `keterangan` text DEFAULT NULL,
  `created_by` int(11) DEFAULT NULL,
  `created_at` timestamp NOT NULL DEFAULT current_timestamp(),
  `updated_at` timestamp NOT NULL DEFAULT current_timestamp() ON UPDATE current_timestamp()
) ENGINE=InnoDB DEFAULT CHARSET=utf8mb4 COLLATE=utf8mb4_general_ci;

--
-- Dumping data untuk tabel `pembayaran`
--

INSERT INTO `pembayaran` (`id`, `tanggal`, `jumlah_bayar`, `peminjaman_id`, `status_pembayaran`, `metode_pembayaran`, `keterangan`, `created_by`, `created_at`, `updated_at`) VALUES
(5, NULL, 8000000, 20, 'Paid', 'Transfer', 'test', 0, '2025-05-24 11:29:10', '2025-05-24 11:30:30');

-- --------------------------------------------------------

--
-- Struktur dari tabel `peminjaman`
--

CREATE TABLE `peminjaman` (
  `id` int(11) NOT NULL,
  `nama_peminjam` varchar(45) NOT NULL,
  `ktp_peminjam` varchar(255) NOT NULL,
  `keperluan_pinjam` varchar(100) DEFAULT NULL,
  `mulai` date NOT NULL,
  `selesai` date NOT NULL,
  `biaya` double NOT NULL,
  `armada_id` int(11) NOT NULL,
  `komentar_peminjam` varchar(100) DEFAULT NULL,
  `status_pinjam` varchar(20) NOT NULL DEFAULT 'Pending',
  `pengembalian_id` int(11) DEFAULT NULL,
  `pengambilan_id` int(11) DEFAULT NULL,
  `waktu_pengambilan` time DEFAULT NULL,
  `waktu_pengembalian` time DEFAULT NULL,
  `phone` varchar(20) DEFAULT NULL,
  `user_id` bigint(20) UNSIGNED DEFAULT NULL,
  `created_at` timestamp NOT NULL DEFAULT current_timestamp(),
  `updated_at` timestamp NOT NULL DEFAULT current_timestamp() ON UPDATE current_timestamp()
) ENGINE=InnoDB DEFAULT CHARSET=utf8mb4 COLLATE=utf8mb4_general_ci;

--
-- Dumping data untuk tabel `peminjaman`
--

INSERT INTO `peminjaman` (`id`, `nama_peminjam`, `ktp_peminjam`, `keperluan_pinjam`, `mulai`, `selesai`, `biaya`, `armada_id`, `komentar_peminjam`, `status_pinjam`, `pengembalian_id`, `pengambilan_id`, `waktu_pengambilan`, `waktu_pengembalian`, `phone`, `user_id`, `created_at`, `updated_at`) VALUES
(18, 'r', 'uploads/ktp/1748080178_OaWNCA.jpeg', 'd', '2025-05-24', '2025-05-27', 12000000, 5, NULL, 'Pending', 1, 2, NULL, NULL, '1', 2, '2025-05-24 02:49:39', '2025-05-24 09:51:53'),
(19, 'r', 'uploads/ktp/1748081018_0IDsq1.jpg', 'e', '2025-05-24', '2025-05-26', 10000000, 1, NULL, 'Pending', 3, 1, NULL, NULL, '1', NULL, '2025-05-24 03:03:38', '2025-05-24 03:03:38'),
(20, 'e', 'uploads/ktp/1748081282_ymVSLu.png', 'r', '2025-05-24', '2025-05-26', 8000000, 5, NULL, 'Pending', 1, 2, NULL, NULL, '2', 2, '2025-05-24 03:08:02', '2025-05-25 01:41:26'),
(21, 'Raffa', 'uploads/ktp/1748137358_jbPhOU.jpeg', 'd', '2025-05-25', '2025-05-27', 2400000, 2, NULL, 'Pending', 3, 1, NULL, NULL, '2', 2, '2025-05-24 18:42:38', '2025-05-24 18:42:38');

-- --------------------------------------------------------

--
-- Struktur dari tabel `role_user`
--

CREATE TABLE `role_user` (
  `id` int(11) NOT NULL,
  `nama` varchar(255) DEFAULT NULL
) ENGINE=InnoDB DEFAULT CHARSET=utf8mb4 COLLATE=utf8mb4_general_ci;

--
-- Dumping data untuk tabel `role_user`
--

INSERT INTO `role_user` (`id`, `nama`) VALUES
(3, 'admin'),
(4, 'user');

-- --------------------------------------------------------

--
-- Struktur dari tabel `sessions`
--

CREATE TABLE `sessions` (
  `id` varchar(255) NOT NULL,
  `user_id` bigint(20) UNSIGNED DEFAULT NULL,
  `ip_address` varchar(45) DEFAULT NULL,
  `user_agent` text DEFAULT NULL,
  `payload` longtext NOT NULL,
  `last_activity` int(11) NOT NULL
) ENGINE=InnoDB DEFAULT CHARSET=utf8mb4 COLLATE=utf8mb4_unicode_ci;

--
-- Dumping data untuk tabel `sessions`
--

INSERT INTO `sessions` (`id`, `user_id`, `ip_address`, `user_agent`, `payload`, `last_activity`) VALUES
('iufmUHe6foNuvS7Hg0fs9xi0unH5haBi6WyaWn24', 2, '127.0.0.1', 'Mozilla/5.0 (Windows NT 10.0; Win64; x64) AppleWebKit/537.36 (KHTML, like Gecko) Chrome/136.0.0.0 Safari/537.36', 'YTo0OntzOjY6Il90b2tlbiI7czo0MDoiTnJIbmVUU3JTeDA2RGFRTzl4NVFZcVVDdHlmd0RuZnhrekZMb0tNWSI7czo5OiJfcHJldmlvdXMiO2E6MTp7czozOiJ1cmwiO3M6MzE6Imh0dHA6Ly8xMjcuMC4wLjE6ODAwMC9teWJvb2tpbmciO31zOjY6Il9mbGFzaCI7YToyOntzOjM6Im9sZCI7YTowOnt9czozOiJuZXciO2E6MDp7fX1zOjUwOiJsb2dpbl93ZWJfNTliYTM2YWRkYzJiMmY5NDAxNTgwZjAxNGM3ZjU4ZWE0ZTMwOTg5ZCI7aToyO30=', 1748138981);

-- --------------------------------------------------------

--
-- Struktur dari tabel `users`
--

CREATE TABLE `users` (
  `id` bigint(20) UNSIGNED NOT NULL,
  `name` varchar(255) NOT NULL,
  `email` varchar(255) NOT NULL,
  `email_verified_at` timestamp NULL DEFAULT NULL,
  `password` varchar(255) NOT NULL,
  `role_user_id` int(11) DEFAULT NULL,
  `remember_token` varchar(100) DEFAULT NULL,
  `created_at` timestamp NULL DEFAULT NULL,
  `updated_at` timestamp NULL DEFAULT NULL
) ENGINE=InnoDB DEFAULT CHARSET=utf8mb4 COLLATE=utf8mb4_unicode_ci;

--
-- Dumping data untuk tabel `users`
--

INSERT INTO `users` (`id`, `name`, `email`, `email_verified_at`, `password`, `role_user_id`, `remember_token`, `created_at`, `updated_at`) VALUES
(2, 'Raffa Yuda Pratama', 'raffayudapratama20@gmail.com', NULL, '$2y$12$31K9fz9PZqnTo3HtWiNH2OTAdhLOS57qFrmzG/wIpkDCOnOf5uNTq', 3, NULL, NULL, '2025-05-24 00:11:52');

--
-- Indexes for dumped tables
--

--
-- Indeks untuk tabel `armada`
--
ALTER TABLE `armada`
  ADD PRIMARY KEY (`id`),
  ADD KEY `jenis_kendaraan_id` (`jenis_kendaraan_id`);

--
-- Indeks untuk tabel `cache`
--
ALTER TABLE `cache`
  ADD PRIMARY KEY (`key`);

--
-- Indeks untuk tabel `cache_locks`
--
ALTER TABLE `cache_locks`
  ADD PRIMARY KEY (`key`);

--
-- Indeks untuk tabel `failed_jobs`
--
ALTER TABLE `failed_jobs`
  ADD PRIMARY KEY (`id`),
  ADD UNIQUE KEY `failed_jobs_uuid_unique` (`uuid`);

--
-- Indeks untuk tabel `jenis_kendaraan`
--
ALTER TABLE `jenis_kendaraan`
  ADD PRIMARY KEY (`id`);

--
-- Indeks untuk tabel `jobs`
--
ALTER TABLE `jobs`
  ADD PRIMARY KEY (`id`),
  ADD KEY `jobs_queue_index` (`queue`);

--
-- Indeks untuk tabel `job_batches`
--
ALTER TABLE `job_batches`
  ADD PRIMARY KEY (`id`);

--
-- Indeks untuk tabel `lokasi`
--
ALTER TABLE `lokasi`
  ADD PRIMARY KEY (`id`);

--
-- Indeks untuk tabel `migrations`
--
ALTER TABLE `migrations`
  ADD PRIMARY KEY (`id`);

--
-- Indeks untuk tabel `password_reset_tokens`
--
ALTER TABLE `password_reset_tokens`
  ADD PRIMARY KEY (`email`);

--
-- Indeks untuk tabel `pembayaran`
--
ALTER TABLE `pembayaran`
  ADD PRIMARY KEY (`id`),
  ADD KEY `fk_pembayaran_peminjaman` (`peminjaman_id`);

--
-- Indeks untuk tabel `peminjaman`
--
ALTER TABLE `peminjaman`
  ADD PRIMARY KEY (`id`),
  ADD KEY `fk_peminjaman_armada` (`armada_id`),
  ADD KEY `role_user_id` (`user_id`),
  ADD KEY `pengembalian_id` (`pengembalian_id`),
  ADD KEY `pengambilan_id` (`pengambilan_id`);

--
-- Indeks untuk tabel `role_user`
--
ALTER TABLE `role_user`
  ADD PRIMARY KEY (`id`);

--
-- Indeks untuk tabel `sessions`
--
ALTER TABLE `sessions`
  ADD PRIMARY KEY (`id`),
  ADD KEY `sessions_user_id_index` (`user_id`),
  ADD KEY `sessions_last_activity_index` (`last_activity`);

--
-- Indeks untuk tabel `users`
--
ALTER TABLE `users`
  ADD PRIMARY KEY (`id`),
  ADD UNIQUE KEY `users_email_unique` (`email`),
  ADD KEY `role_user_id` (`role_user_id`);

--
-- AUTO_INCREMENT untuk tabel yang dibuang
--

--
-- AUTO_INCREMENT untuk tabel `armada`
--
ALTER TABLE `armada`
  MODIFY `id` int(11) NOT NULL AUTO_INCREMENT, AUTO_INCREMENT=15;

--
-- AUTO_INCREMENT untuk tabel `failed_jobs`
--
ALTER TABLE `failed_jobs`
  MODIFY `id` bigint(20) UNSIGNED NOT NULL AUTO_INCREMENT;

--
-- AUTO_INCREMENT untuk tabel `jenis_kendaraan`
--
ALTER TABLE `jenis_kendaraan`
  MODIFY `id` int(11) NOT NULL AUTO_INCREMENT, AUTO_INCREMENT=8;

--
-- AUTO_INCREMENT untuk tabel `jobs`
--
ALTER TABLE `jobs`
  MODIFY `id` bigint(20) UNSIGNED NOT NULL AUTO_INCREMENT;

--
-- AUTO_INCREMENT untuk tabel `lokasi`
--
ALTER TABLE `lokasi`
  MODIFY `id` int(11) NOT NULL AUTO_INCREMENT, AUTO_INCREMENT=7;

--
-- AUTO_INCREMENT untuk tabel `migrations`
--
ALTER TABLE `migrations`
  MODIFY `id` int(10) UNSIGNED NOT NULL AUTO_INCREMENT, AUTO_INCREMENT=4;

--
-- AUTO_INCREMENT untuk tabel `pembayaran`
--
ALTER TABLE `pembayaran`
  MODIFY `id` int(11) NOT NULL AUTO_INCREMENT, AUTO_INCREMENT=6;

--
-- AUTO_INCREMENT untuk tabel `peminjaman`
--
ALTER TABLE `peminjaman`
  MODIFY `id` int(11) NOT NULL AUTO_INCREMENT, AUTO_INCREMENT=22;

--
-- AUTO_INCREMENT untuk tabel `role_user`
--
ALTER TABLE `role_user`
  MODIFY `id` int(11) NOT NULL AUTO_INCREMENT, AUTO_INCREMENT=5;

--
-- AUTO_INCREMENT untuk tabel `users`
--
ALTER TABLE `users`
  MODIFY `id` bigint(20) UNSIGNED NOT NULL AUTO_INCREMENT, AUTO_INCREMENT=3;

--
-- Ketidakleluasaan untuk tabel pelimpahan (Dumped Tables)
--

--
-- Ketidakleluasaan untuk tabel `armada`
--
ALTER TABLE `armada`
  ADD CONSTRAINT `armada_ibfk_1` FOREIGN KEY (`jenis_kendaraan_id`) REFERENCES `jenis_kendaraan` (`id`) ON DELETE CASCADE ON UPDATE CASCADE;

--
-- Ketidakleluasaan untuk tabel `pembayaran`
--
ALTER TABLE `pembayaran`
  ADD CONSTRAINT `fk_pembayaran_peminjaman` FOREIGN KEY (`peminjaman_id`) REFERENCES `peminjaman` (`id`) ON DELETE CASCADE ON UPDATE CASCADE;

--
-- Ketidakleluasaan untuk tabel `peminjaman`
--
ALTER TABLE `peminjaman`
  ADD CONSTRAINT `peminjaman_ibfk_1` FOREIGN KEY (`armada_id`) REFERENCES `armada` (`id`) ON DELETE CASCADE ON UPDATE CASCADE,
  ADD CONSTRAINT `peminjaman_ibfk_3` FOREIGN KEY (`pengambilan_id`) REFERENCES `lokasi` (`id`) ON DELETE CASCADE ON UPDATE CASCADE,
  ADD CONSTRAINT `peminjaman_ibfk_5` FOREIGN KEY (`user_id`) REFERENCES `users` (`id`) ON DELETE CASCADE ON UPDATE CASCADE,
  ADD CONSTRAINT `peminjaman_ibfk_6` FOREIGN KEY (`pengembalian_id`) REFERENCES `lokasi` (`id`) ON DELETE CASCADE ON UPDATE CASCADE;

--
-- Ketidakleluasaan untuk tabel `users`
--
ALTER TABLE `users`
  ADD CONSTRAINT `users_ibfk_1` FOREIGN KEY (`role_user_id`) REFERENCES `role_user` (`id`) ON DELETE CASCADE ON UPDATE CASCADE;
COMMIT;

/*!40101 SET CHARACTER_SET_CLIENT=@OLD_CHARACTER_SET_CLIENT */;
/*!40101 SET CHARACTER_SET_RESULTS=@OLD_CHARACTER_SET_RESULTS */;
/*!40101 SET COLLATION_CONNECTION=@OLD_COLLATION_CONNECTION */;
